is,22784,24272
bfs,14384,14992
dither,31984,32656
jacobi-1d,5840,6368
malloc_1d_array,5568,6016
static_1d_array,4176,4688
global_1d_array,4256,4768
check_elimination,3728,4128
check_modification,3744,4128
is,22784,24272
bfs,14384,14992
dither,31984,32656
jacobi-1d,5840,6368
malloc_1d_array,5568,6016
static_1d_array,4176,4688
global_1d_array,4256,4768
check_elimination,3728,4128
check_modification,3744,4128
is,22784,24272
bfs,14384,14992
dither,31984,32656
jacobi-1d,5840,6368
malloc_1d_array,5568,6016
static_1d_array,4176,4688
global_1d_array,4256,4768
check_elimination,3728,4128
check_modification,3744,4128
is,22784,24272
bfs,14384,14992
dither,31984,32656
jacobi-1d,5840,6368
malloc_1d_array,5568,6016
static_1d_array,4176,4688
global_1d_array,4256,4768
check_elimination,3728,4128
check_modification,3744,4128
